Type,Name,Request Count,Failure Count,Median Response Time,Average Response Time,Min Response Time,Max Response Time,Average Content Size,Requests/s,Failures/s,50%,66%,75%,80%,90%,95%,98%,99%,99.9%,99.99%,100%
POST,/app/api/authenticate [ADMIN],30,30,60002,60013.13333333333,60002,60042,0.0,0.2809266843739903,0.2809266843739903,60000,60000,60000,60000,60000,60000,60000,60000,60000,60000,60000
POST,/app/api/credentials [CREATE ADMIN CREDS],88,58,60000,46026.693181818184,1397,60043,177.27272727272728,0.8240516074970383,0.543124923123048,60000,60000,60000,60000,60000,60000,60000,60000,60000,60000,60000
POST,/app/api/users [CREATE ADMIN],214,124,60000,36760.004672897194,254,60182,84.11214953271028,2.003943681867798,1.1611636287458267,60000,60000,60000,60000,60000,60000,60000,60000,60000,60000,60000
,Aggregated,332,212,60000,41317.42168674699,254,60182,101.20481927710843,3.1089219737388265,1.9852152362428652,60000,60000,60000,60000,60000,60000,60000,60000,60000,60000,60000
